Subject	Time	Site	Organism	Recip_Ct
P11	-7	Tongue	Pe	0
P12	-7	Tongue	Pe	0.029797377830751
P13	-7	Tongue	Pe	0.042453831458289
P14	-7	Tongue	Pe	0.028304557033683
P15	-7	Tongue	Pe	0.0581226387678
P16	-7	Tongue	Pe	0.028328611898017
P17	-7	Tongue	Pe	0.04231013327692
P18	-7	Tongue	Pe	0.033140016570008
P19	-7	Tongue	Pe	0.051988562516247
P20	-7	Tongue	Pe	0.030576364470265
P21	-7	Tongue	Pe	0.052645433008687
P22	-7	Tongue	Pe	0.029717682020802
P23	-7	Tongue	Pe	0.051203277009729
P24	-7	Tongue	Pe	0.028698522026116
P25	-7	Tongue	Pe	0.057770075101098
P11	-7	Saliva	Pe	0.035273368606702
P12	-7	Saliva	Pe	0.055741360089186
P13	-7	Saliva	Pe	0.036948087936449
P14	-7	Saliva	Pe	0.057093919497574
P15	-7	Saliva	Pe	0.044742729306488
P16	-7	Saliva	Pe	0.056753688989784
P17	-7	Saliva	Pe	0.026024723487313
P18	-7	Saliva	Pe	0.054764512595838
P19	-7	Saliva	Pe	0.045126353790614
P20	-7	Saliva	Pe	0.049176297024834
P21	-7	Saliva	Pe	0.04222972972973
P22	-7	Saliva	Pe	0.061462814996927
P23	-7	Saliva	Pe	0.040241448692153
P24	-7	Saliva	Pe	0.053008216273522
P25	-7	Saliva	Pe	0.036081544290096
P11	21	Tongue	Pe	0.025
P12	21	Tongue	Pe	0.036264732547598
P13	21	Tongue	Pe	0.025
P14	21	Tongue	Pe	0.033500837520938
P15	21	Tongue	Pe	0.030261764260856
P16	21	Tongue	Pe	0.025
P17	21	Tongue	Pe	0.03210788248515
P18	21	Tongue	Pe	0.037216226274656
P19	21	Tongue	Pe	0.03305785123967
P20	21	Tongue	Pe	0.035861574323113
P21	21	Tongue	Pe	0.029235491887151
P22	21	Tongue	Pe	0.038117019249095
P23	21	Tongue	Pe	0.036088054853843
P24	21	Tongue	Pe	0.030344409042634
P25	21	Tongue	Pe	0.037750094375236
P11	21	Saliva	Pe	0.025
P12	21	Saliva	Pe	0.041823504809703
P13	21	Saliva	Pe	0.035391966023713
P14	21	Saliva	Pe	0.046620046620047
P15	21	Saliva	Pe	0.039706174310105
P16	21	Saliva	Pe	0.025
P17	21	Saliva	Pe	0.041450777202073
P18	21	Saliva	Pe	0.043956043956044
P19	21	Saliva	Pe	0.033783783783784
P20	21	Saliva	Pe	0.041228612657184
P21	21	Saliva	Pe	0.035919540229885
P22	21	Saliva	Pe	0.042096400757735
P23	21	Saliva	Pe	0.043620501635769
P24	21	Saliva	Pe	0.037341299477222
P25	21	Saliva	Pe	0.043215211754538
P11	35	Tongue	Pe	0.025
P12	35	Tongue	Pe	0.034632034632035
P13	35	Tongue	Pe	0.034176349965824
P14	35	Tongue	Pe	0.036436509382401
P15	35	Tongue	Pe	0.035874439461883
P16	35	Tongue	Pe	0.027685492801772
P17	35	Tongue	Pe	0.036192544335867
P18	35	Tongue	Pe	0.030868961259454
P19	35	Tongue	Pe	0.030034539720679
P20	35	Tongue	Pe	0.028332625017708
P21	35	Tongue	Pe	0.031298904538341
P22	35	Tongue	Pe	0.038270187523919
P23	35	Tongue	Pe	0.032138839787884
P24	35	Tongue	Pe	0.033372267645587
P25	35	Tongue	Pe	0.04009623095429
P11	35	Saliva	Pe	0.026553372278279
P12	35	Saliva	Pe	0.040112314480546
P13	35	Saliva	Pe	0.037757221068529
P14	35	Saliva	Pe	0.049887752556747
P15	35	Saliva	Pe	0.042105263157895
P16	35	Saliva	Pe	0.025
P17	35	Saliva	Pe	0.038752179810114
P18	35	Saliva	Pe	0.040104271104873
P19	35	Saliva	Pe	0.03753049352599
P20	35	Saliva	Pe	0.041101520756268
P21	35	Saliva	Pe	0.038729666924865
P22	35	Saliva	Pe	0.043535045711798
P23	35	Saliva	Pe	0.040477636106051
P24	35	Saliva	Pe	0.040168708576019
P25	35	Saliva	Pe	0.044682752457551
P11	-7	Tongue	Tf	0.028192839018889
P12	-7	Tongue	Tf	0.031002945279802
P13	-7	Tongue	Tf	0.025987525987526
P14	-7	Tongue	Tf	0.025
P15	-7	Tongue	Tf	0.026260504201681
P16	-7	Tongue	Tf	0.025
P17	-7	Tongue	Tf	0.025
P18	-7	Tongue	Tf	0.027037988373665
P19	-7	Tongue	Tf	0.030840400925212
P20	-7	Tongue	Tf	0.025
P21	-7	Tongue	Tf	0.025
P22	-7	Tongue	Tf	0.02848597065945
P23	-7	Tongue	Tf	0.025
P24	-7	Tongue	Tf	0.027419797093502
P25	-7	Tongue	Tf	0.030106879421948
P11	-7	Saliva	Tf	0.030553009471433
P12	-7	Saliva	Tf	0.032409658078107
P13	-7	Saliva	Tf	0.025
P14	-7	Saliva	Tf	0.025
P15	-7	Saliva	Tf	0.034650034650035
P16	-7	Saliva	Tf	0.035161744022504
P17	-7	Saliva	Tf	0.025
P18	-7	Saliva	Tf	0.031113876789048
P19	-7	Saliva	Tf	0.033019646689781
P20	-7	Saliva	Tf	0.025
P21	-7	Saliva	Tf	0.033333333333333
P22	-7	Saliva	Tf	0.029355643622487
P23	-7	Saliva	Tf	0.025
P24	-7	Saliva	Tf	0.030759766225777
P25	-7	Saliva	Tf	0.037551633496057
P11	21	Tongue	Tf	0.029407440082341
P12	21	Tongue	Tf	0.028392958546281
P13	21	Tongue	Tf	0.025
P14	21	Tongue	Tf	0.027685492801772
P15	21	Tongue	Tf	0.030878493129535
P16	21	Tongue	Tf	0.025
P17	21	Tongue	Tf	0.025
P18	21	Tongue	Tf	0.025297242600557
P19	21	Tongue	Tf	0.027843519420855
P20	21	Tongue	Tf	0.025
P21	21	Tongue	Tf	0.026730820636194
P22	21	Tongue	Tf	0.028993911278632
P23	21	Tongue	Tf	0.026191723415401
P24	21	Tongue	Tf	0.029014942695488
P25	21	Tongue	Tf	0.030275507114744
P11	21	Saliva	Tf	0.030234315948602
P12	21	Saliva	Tf	0.030609121518213
P13	21	Saliva	Tf	0.025
P14	21	Saliva	Tf	0.025
P15	21	Saliva	Tf	0.033439224209998
P16	21	Saliva	Tf	0.030534351145038
P17	21	Saliva	Tf	0.025
P18	21	Saliva	Tf	0.0290613193839
P19	21	Saliva	Tf	0.034989503149055
P20	21	Saliva	Tf	0.025
P21	21	Saliva	Tf	0.031989763275752
P22	21	Saliva	Tf	0.032128514056225
P23	21	Saliva	Tf	0.025
P24	21	Saliva	Tf	0.032552083333333
P25	21	Saliva	Tf	0.037488284910965
P11	35	Tongue	Tf	0.026903416733925
P12	35	Tongue	Tf	0.025
P13	35	Tongue	Tf	0.025
P14	35	Tongue	Tf	0.025
P15	35	Tongue	Tf	0.027552004408321
P16	35	Tongue	Tf	0.025
P17	35	Tongue	Tf	0.026888948642108
P18	35	Tongue	Tf	0.027685492801772
P19	35	Tongue	Tf	0.029235491887151
P20	35	Tongue	Tf	0.025
P21	35	Tongue	Tf	0.025
P22	35	Tongue	Tf	0.0287604256543
P23	35	Tongue	Tf	0.025451768897938
P24	35	Tongue	Tf	0.029141774734081
P25	35	Tongue	Tf	0.030959752321982
P11	35	Saliva	Tf	0.030511060259344
P12	35	Saliva	Tf	0.030469226081658
P13	35	Saliva	Tf	0.025
P14	35	Saliva	Tf	0.025
P15	35	Saliva	Tf	0.032546786004882
P16	35	Saliva	Tf	0.029112081513828
P17	35	Saliva	Tf	0.025
P18	35	Saliva	Tf	0.037397157816006
P19	35	Saliva	Tf	0.033316674995836
P20	35	Saliva	Tf	0.025
P21	35	Saliva	Tf	0.032414910858995
P22	35	Saliva	Tf	0.030826140567201
P23	35	Saliva	Tf	0.025
P24	35	Saliva	Tf	0.031264655307175
P25	35	Saliva	Tf	0.039261876717707
P11	-7	Tongue	Td	0.025
P12	-7	Tongue	Td	0.026381743833267
P13	-7	Tongue	Td	0.025
P14	-7	Tongue	Td	0.025
P15	-7	Tongue	Td	0.025
P16	-7	Tongue	Td	0.025
P17	-7	Tongue	Td	0.025859839668994
P18	-7	Tongue	Td	0.027056277056277
P19	-7	Tongue	Td	0.025412960609911
P20	-7	Tongue	Td	0.028901734104046
P21	-7	Tongue	Td	0.025
P22	-7	Tongue	Td	0.025601638504864
P23	-7	Tongue	Td	0.026427061310782
P24	-7	Tongue	Td	0.025
P25	-7	Tongue	Td	0.026802465826856
P11	-7	Saliva	Td	0.026720106880428
P12	-7	Saliva	Td	0.029158769499927
P13	-7	Saliva	Td	0.025
P14	-7	Saliva	Td	0.025
P15	-7	Saliva	Td	0.030066145520144
P16	-7	Saliva	Td	0.026806058169146
P17	-7	Saliva	Td	0.032035880185808
P18	-7	Saliva	Td	0.032304958811178
P19	-7	Saliva	Td	0.02801905295601
P20	-7	Saliva	Td	0.031303803412115
P21	-7	Saliva	Td	0.025
P22	-7	Saliva	Td	0.026968716289105
P23	-7	Saliva	Td	0.028743891922966
P24	-7	Saliva	Td	0.026656004264961
P25	-7	Saliva	Td	0.031892840057407
P11	21	Tongue	Td	0.026518164942986
P12	21	Tongue	Td	0.025773195876289
P13	21	Tongue	Td	0.025
P14	21	Tongue	Td	0.025
P15	21	Tongue	Td	0.025220680958386
P16	21	Tongue	Td	0.025
P17	21	Tongue	Td	0.027166530834013
P18	21	Tongue	Td	0.025
P19	21	Tongue	Td	0.025056376847908
P20	21	Tongue	Td	0.025
P21	21	Tongue	Td	0.025
P22	21	Tongue	Td	0.026246719160105
P23	21	Tongue	Td	0.025
P24	21	Tongue	Td	0.025
P25	21	Tongue	Td	0.029248318221702
P11	21	Saliva	Td	0.026946914578281
P12	21	Saliva	Td	0.028893383415198
P13	21	Saliva	Td	0.025
P14	21	Saliva	Td	0.025
P15	21	Saliva	Td	0.028810141169692
P16	21	Saliva	Td	0.026291573550677
P17	21	Saliva	Td	0.031402103940964
P18	21	Saliva	Td	0.028686173264487
P19	21	Saliva	Td	0.031172069825437
P20	21	Saliva	Td	0.030864197530864
P21	21	Saliva	Td	0.025
P22	21	Saliva	Td	0.030165912518854
P23	21	Saliva	Td	0.026734393797621
P24	21	Saliva	Td	0.030473868657626
P25	21	Saliva	Td	0.033366700033367
P11	35	Tongue	Td	0.025
P12	35	Tongue	Td	0.025
P13	35	Tongue	Td	0.025
P14	35	Tongue	Td	0.025
P15	35	Tongue	Td	0.025
P16	35	Tongue	Td	0.025
P17	35	Tongue	Td	0.02592688618097
P18	35	Tongue	Td	0.025647601949218
P19	35	Tongue	Td	0.026113069591331
P20	35	Tongue	Td	0.026925148088315
P21	35	Tongue	Td	0.025
P22	35	Tongue	Td	0.025799793601651
P23	35	Tongue	Td	0.025
P24	35	Tongue	Td	0.025853154084798
P25	35	Tongue	Td	0.027658691743881
P11	35	Saliva	Td	0.026521681474606
P12	35	Saliva	Td	0.027453671928621
P13	35	Saliva	Td	0.025
P14	35	Saliva	Td	0.025
P15	35	Saliva	Td	0.028236622899901
P16	35	Saliva	Td	0.025
P17	35	Saliva	Td	0.030312215822977
P18	35	Saliva	Td	0.034417484081914
P19	35	Saliva	Td	0.028421202216854
P20	35	Saliva	Td	0.030515715593531
P21	35	Saliva	Td	0.025
P22	35	Saliva	Td	0.029398794649419
P23	35	Saliva	Td	0.027122321670735
P24	35	Saliva	Td	0.027371014096072
P25	35	Saliva	Td	0.035398230088496
P11	-7	Tongue	Pg	0.032010243277849
P12	-7	Tongue	Pg	0.031055900621118
P13	-7	Tongue	Pg	0.03166059838531
P14	-7	Tongue	Pg	0.025
P15	-7	Tongue	Pg	0.033607797008906
P16	-7	Tongue	Pg	0.025
P17	-7	Tongue	Pg	0.030978934324659
P18	-7	Tongue	Pg	0.031560675398454
P19	-7	Tongue	Pg	0.034812880765883
P20	-7	Tongue	Pg	0.035050823694357
P21	-7	Tongue	Pg	0.033428046130704
P22	-7	Tongue	Pg	0.030048076923077
P23	-7	Tongue	Pg	0.032701111837803
P24	-7	Tongue	Pg	0.034305317324185
P25	-7	Tongue	Pg	0.029351335485765
P11	-7	Saliva	Pg	0.032123353678124
P12	-7	Saliva	Pg	0.030964545595293
P13	-7	Saliva	Pg	0.028694404591105
P14	-7	Saliva	Pg	0.029859659599881
P15	-7	Saliva	Pg	0.032221685194136
P16	-7	Saliva	Pg	0.028538812785388
P17	-7	Saliva	Pg	0.035137034434294
P18	-7	Saliva	Pg	0.034217279726262
P19	-7	Saliva	Pg	0.030864197530864
P20	-7	Saliva	Pg	0.039564787339268
P21	-7	Saliva	Pg	0.032927230819888
P22	-7	Saliva	Pg	0.031670625494854
P23	-7	Saliva	Pg	0.033681374200067
P24	-7	Saliva	Pg	0.041211621677313
P25	-7	Saliva	Pg	0.032346757237587
P11	21	Tongue	Pg	0.030152268958239
P12	21	Tongue	Pg	0.029568302779421
P13	21	Tongue	Pg	0.033239155725445
P14	21	Tongue	Pg	0.025
P15	21	Tongue	Pg	0.037579857196543
P16	21	Tongue	Pg	0.031022180859315
P17	21	Tongue	Pg	0.032113037893385
P18	21	Tongue	Pg	0.02674154298703
P19	21	Tongue	Pg	0.031695721077655
P20	21	Tongue	Pg	0.029590176061548
P21	21	Tongue	Pg	0.037579857196543
P22	21	Tongue	Pg	0.034722222222222
P23	21	Tongue	Pg	0.02910784456411
P24	21	Tongue	Pg	0.035733428622476
P25	21	Tongue	Pg	0.036120642947445
P11	21	Saliva	Pg	0.032992411745299
P12	21	Saliva	Pg	0.033239155725445
P13	21	Saliva	Pg	0.035118525021949
P14	21	Saliva	Pg	0.031421838177533
P15	21	Saliva	Pg	0.041034058268363
P16	21	Saliva	Pg	0.034518467380048
P17	21	Saliva	Pg	0.034891835310537
P18	21	Saliva	Pg	0.03257328990228
P19	21	Saliva	Pg	0.033921302578019
P20	21	Saliva	Pg	0.039912193175015
P21	21	Saliva	Pg	0.038842493688095
P22	21	Saliva	Pg	0.034746351633079
P23	21	Saliva	Pg	0.032133676092545
P24	21	Saliva	Pg	0.044662795891023
P25	21	Saliva	Pg	0.031720856463125
P11	35	Tongue	Pg	0.032118194957443
P12	35	Tongue	Pg	0.025
P13	35	Tongue	Pg	0.025
P14	35	Tongue	Pg	0.025
P15	35	Tongue	Pg	0.031786395422759
P16	35	Tongue	Pg	0.025
P17	35	Tongue	Pg	0.034153005464481
P18	35	Tongue	Pg	0.028184892897407
P19	35	Tongue	Pg	0.03338898163606
P20	35	Tongue	Pg	0.032010243277849
P21	35	Tongue	Pg	0.039047247169075
P22	35	Tongue	Pg	0.031206116398814
P23	35	Tongue	Pg	0.027677830058124
P24	35	Tongue	Pg	0.033869602032176
P25	35	Tongue	Pg	0.032190568163528
P11	35	Saliva	Pg	0.033014196104325
P12	35	Saliva	Pg	0.030916679548617
P13	35	Saliva	Pg	0.030826140567201
P14	35	Saliva	Pg	0.030280090840273
P15	35	Saliva	Pg	0.03725782414307
P16	35	Saliva	Pg	0.029931158335828
P17	35	Saliva	Pg	0.034340659340659
P18	35	Saliva	Pg	0.030501753850847
P19	35	Saliva	Pg	0.029682398337786
P20	35	Saliva	Pg	0.037432154220475
P21	35	Saliva	Pg	0.040355125100888
P22	35	Saliva	Pg	0.035001750087504
P23	35	Saliva	Pg	0.031751071598667
P24	35	Saliva	Pg	0.041536863966771
P25	35	Saliva	Pg	0.029559562518475
P11	-7	Tongue	Ff	0.02979293907344
P12	-7	Tongue	Ff	0.03858024691358
P13	-7	Tongue	Ff	0.027442371020856
P14	-7	Tongue	Ff	0.025
P15	-7	Tongue	Ff	0.028441410693971
P16	-7	Tongue	Ff	0.027225701061802
P17	-7	Tongue	Ff	0.027968116347364
P18	-7	Tongue	Ff	0.029962546816479
P19	-7	Tongue	Ff	0.029922202274087
P20	-7	Tongue	Ff	0.034710170079833
P21	-7	Tongue	Ff	0.025
P22	-7	Tongue	Ff	0.030289262456459
P23	-7	Tongue	Ff	0.02944207272192
P24	-7	Tongue	Ff	0.029886431560072
P25	-7	Tongue	Ff	0.0336757029803
P11	-7	Saliva	Ff	0.035486160397445
P12	-7	Saliva	Ff	0.037091988130564
P13	-7	Saliva	Ff	0.029877502240813
P14	-7	Saliva	Ff	0.030039050765996
P15	-7	Saliva	Ff	0.038424591738713
P16	-7	Saliva	Ff	0.035223670306446
P17	-7	Saliva	Ff	0.036383481899218
P18	-7	Saliva	Ff	0.037864445285877
P19	-7	Saliva	Ff	0.033030553261767
P20	-7	Saliva	Ff	0.03988035892323
P21	-7	Saliva	Ff	0.026462026991268
P22	-7	Saliva	Ff	0.033869602032176
P23	-7	Saliva	Ff	0.030674846625767
P24	-7	Saliva	Ff	0.034153005464481
P25	-7	Saliva	Ff	0.040708324852432
P11	21	Tongue	Ff	0.032910975810433
P12	21	Tongue	Ff	0.033428046130704
P13	21	Tongue	Ff	0.025940337224384
P14	21	Tongue	Ff	0.031022180859315
P15	21	Tongue	Ff	0.033172997180295
P16	21	Tongue	Ff	0.026983270372369
P17	21	Tongue	Ff	0.028405056099986
P18	21	Tongue	Ff	0.026595744680851
P19	21	Tongue	Ff	0.029985007496252
P20	21	Tongue	Ff	0.027651043826905
P21	21	Tongue	Ff	0.025
P22	21	Tongue	Ff	0.033112582781457
P23	21	Tongue	Ff	0.026116479498564
P24	21	Tongue	Ff	0.031806615776082
P25	21	Tongue	Ff	0.034441191665232
P11	21	Saliva	Ff	0.035038542396636
P12	21	Saliva	Ff	0.036744442403087
P13	21	Saliva	Ff	0.029433406916851
P14	21	Saliva	Ff	0.031065548306928
P15	21	Saliva	Ff	0.037950664136622
P16	21	Saliva	Ff	0.034758428919013
P17	21	Saliva	Ff	0.034094783498125
P18	21	Saliva	Ff	0.031887755102041
P19	21	Saliva	Ff	0.035810205908684
P20	21	Saliva	Ff	0.039085401602502
P21	21	Saliva	Ff	0.027647221454244
P22	21	Saliva	Ff	0.038255547054323
P23	21	Saliva	Ff	0.03065603923973
P24	21	Saliva	Ff	0.037390166386241
P25	21	Saliva	Ff	0.041937513105473
P11	35	Tongue	Ff	0.028735632183908
P12	35	Tongue	Ff	0.030567018187376
P13	35	Tongue	Ff	0.025
P14	35	Tongue	Ff	0.025
P15	35	Tongue	Ff	0.028939372015627
P16	35	Tongue	Ff	0.028240609997176
P17	35	Tongue	Ff	0.028196813760045
P18	35	Tongue	Ff	0.029695619896065
P19	35	Tongue	Ff	0.030736130321193
P20	35	Tongue	Ff	0.033467202141901
P21	35	Tongue	Ff	0.025
P22	35	Tongue	Ff	0.031496062992126
P23	35	Tongue	Ff	0.025
P24	35	Tongue	Ff	0.032631750693425
P25	35	Tongue	Ff	0.03338898163606
P11	35	Saliva	Ff	0.034054146092287
P12	35	Saliva	Ff	0.036337209302326
P13	35	Saliva	Ff	0.02762812543169
P14	35	Saliva	Ff	0.029291154071471
P15	35	Saliva	Ff	0.035695163305372
P16	35	Saliva	Ff	0.033489618218352
P17	35	Saliva	Ff	0.031421838177533
P18	35	Saliva	Ff	0.039920159680639
P19	35	Saliva	Ff	0.034305317324185
P20	35	Saliva	Ff	0.03741114852226
P21	35	Saliva	Ff	0.028034763106252
P22	35	Saliva	Ff	0.036081544290096
P23	35	Saliva	Ff	0.030646644192461
P24	35	Saliva	Ff	0.036873156342183
P25	35	Saliva	Ff	0.03347280334728
P11	-7	Tongue	Fa	0.038240917782027
P12	-7	Tongue	Fa	0.033129037601458
P13	-7	Tongue	Fa	0.030816640986133
P14	-7	Tongue	Fa	0.027225701061802
P15	-7	Tongue	Fa	0.04104247896573
P16	-7	Tongue	Fa	0.027078256160303
P17	-7	Tongue	Fa	0.032035880185808
P18	-7	Tongue	Fa	0.033129037601458
P19	-7	Tongue	Fa	0.037023324694558
P20	-7	Tongue	Fa	0.034447123665174
P21	-7	Tongue	Fa	0.030759766225777
P22	-7	Tongue	Fa	0.034405642525374
P23	-7	Tongue	Fa	0.032247662044502
P24	-7	Tongue	Fa	0.031397174254317
P25	-7	Tongue	Fa	0.033840947546531
P11	-7	Saliva	Fa	0.031496062992126
P12	-7	Saliva	Fa	0.037369207772795
P13	-7	Saliva	Fa	0.030335204004247
P14	-7	Saliva	Fa	0.030257186081694
P15	-7	Saliva	Fa	0.041442188147534
P16	-7	Saliva	Fa	0.035758984444842
P17	-7	Saliva	Fa	0.037565740045079
P18	-7	Saliva	Fa	0.037771482530689
P19	-7	Saliva	Fa	0.034716195105017
P20	-7	Saliva	Fa	0.041347942939839
P21	-7	Saliva	Fa	0.035001750087504
P22	-7	Saliva	Fa	0.034100596760443
P23	-7	Saliva	Fa	0.029673590504451
P24	-7	Saliva	Fa	0.035938903863432
P25	-7	Saliva	Fa	0.040265753976243
P11	21	Tongue	Fa	0.03359650596338
P12	21	Tongue	Fa	0.032749304077288
P13	21	Tongue	Fa	0.032362459546926
P14	21	Tongue	Fa	0.026983270372369
P15	21	Tongue	Fa	0.043280675178533
P16	21	Tongue	Fa	0.030409001064315
P17	21	Tongue	Fa	0.032605151613955
P18	21	Tongue	Fa	0.027746947835738
P19	21	Tongue	Fa	0.03707823507601
P20	21	Tongue	Fa	0.027746947835738
P21	21	Tongue	Fa	0.032981530343008
P22	21	Tongue	Fa	0.037140204271124
P23	21	Tongue	Fa	0.030969340353051
P24	21	Tongue	Fa	0.033915550279803
P25	21	Tongue	Fa	0.045454545454546
P11	21	Saliva	Fa	0.031751071598667
P12	21	Saliva	Fa	0.037807183364839
P13	21	Saliva	Fa	0.029040220705677
P14	21	Saliva	Fa	0.0319182891797
P15	21	Saliva	Fa	0.04071661237785
P16	21	Saliva	Fa	0.033978933061502
P17	21	Saliva	Fa	0.035505059470975
P18	21	Saliva	Fa	0.031979533098817
P19	21	Saliva	Fa	0.0402252614642
P20	21	Saliva	Fa	0.039808917197452
P21	21	Saliva	Fa	0.037857278061707
P22	21	Saliva	Fa	0.037707390648567
P23	21	Saliva	Fa	0.029372888823616
P24	21	Saliva	Fa	0.037460198539052
P25	21	Saliva	Fa	0.039690414764834
P11	35	Tongue	Fa	0.034524426031417
P12	35	Tongue	Fa	0.029256875365711
P13	35	Tongue	Fa	0.031017369727047
P14	35	Tongue	Fa	0.028240609997176
P15	35	Tongue	Fa	0.032226877215598
P16	35	Tongue	Fa	0.026055237102658
P17	35	Tongue	Fa	0.032010243277849
P18	35	Tongue	Fa	0.031007751937985
P19	35	Tongue	Fa	0.042185192997258
P20	35	Tongue	Fa	0.035167926850712
P21	35	Tongue	Fa	0.033416875522139
P22	35	Tongue	Fa	0.034879665155215
P23	35	Tongue	Fa	0.028078056998456
P24	35	Tongue	Fa	0.032005120819331
P25	35	Tongue	Fa	0.036995930447651
P11	35	Saliva	Fa	0.031147796293412
P12	35	Saliva	Fa	0.033300033300033
P13	35	Saliva	Fa	0.029922202274087
P14	35	Saliva	Fa	0.031959092361777
P15	35	Saliva	Fa	0.033738191632929
P16	35	Saliva	Fa	0.030684258975146
P17	35	Saliva	Fa	0.034548281223009
P18	35	Saliva	Fa	0.038292169251388
P19	35	Saliva	Fa	0.036245016310257
P20	35	Saliva	Fa	0.040160642570281
P21	35	Saliva	Fa	0.034722222222222
P22	35	Saliva	Fa	0.035435861091425
P23	35	Saliva	Fa	0.029424746211564
P24	35	Saliva	Fa	0.029359953024075
P25	35	Saliva	Fa	0.040849673202614
P11	-7	Tongue	So	0.064766839378238
P12	-7	Tongue	So	0.058377116170461
P13	-7	Tongue	So	0.046178711613946
P14	-7	Tongue	So	0.051975051975052
P15	-7	Tongue	So	0.056545094713034
P16	-7	Tongue	So	0.04546487838145
P17	-7	Tongue	So	0.048169556840077
P18	-7	Tongue	So	0.052687038988409
P19	-7	Tongue	So	0.056227157717177
P20	-7	Tongue	So	0.057175528873642
P21	-7	Tongue	So	0.047619047619048
P22	-7	Tongue	So	0.064557779212395
P23	-7	Tongue	So	0.054451402123605
P24	-7	Tongue	So	0.042625745950554
P25	-7	Tongue	So	0.050062578222779
P11	-7	Saliva	So	0.059171597633136
P12	-7	Saliva	So	0.060532687651332
P13	-7	Saliva	So	0.050075112669004
P14	-7	Saliva	So	0.05808887598025
P15	-7	Saliva	So	0.044853106077596
P16	-7	Saliva	So	0.057471264367816
P17	-7	Saliva	So	0.05941770647653
P18	-7	Saliva	So	0.064329366355741
P19	-7	Saliva	So	0.049140049140049
P20	-7	Saliva	So	0.056195560550717
P21	-7	Saliva	So	0.052205690420256
P22	-7	Saliva	So	0.057142857142857
P23	-7	Saliva	So	0.055020632737277
P24	-7	Saliva	So	0.053064473335102
P25	-7	Saliva	So	0.05270092226614
P11	21	Tongue	So	0.059364796675571
P12	21	Tongue	So	0.057504312823462
P13	21	Tongue	So	0.05775339301184
P14	21	Tongue	So	0.052151238591917
P15	21	Tongue	So	0.070003500175009
P16	21	Tongue	So	0.050517807527153
P17	21	Tongue	So	0.056866647711118
P18	21	Tongue	So	0.050428643469491
P19	21	Tongue	So	0.048332527791204
P20	21	Tongue	So	0.042580370449223
P21	21	Tongue	So	0.058207217694994
P22	21	Tongue	So	0.06418485237484
P23	21	Tongue	So	0.047938638542665
P24	21	Tongue	So	0.060331825037707
P25	21	Tongue	So	0.055263885051119
P11	21	Saliva	So	0.05871990604815
P12	21	Saliva	So	0.057987822557263
P13	21	Saliva	So	0.057504312823462
P14	21	Saliva	So	0.057903879559931
P15	21	Saliva	So	0.062092517851599
P16	21	Saliva	So	0.055279159756772
P17	21	Saliva	So	0.061031431187061
P18	21	Saliva	So	0.062814070351759
P19	21	Saliva	So	0.058927519151444
P20	21	Saliva	So	0.056069526212504
P21	21	Saliva	So	0.059880239520958
P22	21	Saliva	So	0.05877167205407
P23	21	Saliva	So	0.054614964500273
P24	21	Saliva	So	0.055617352614016
P25	21	Saliva	So	0.049321824907522
P11	35	Tongue	So	0.055340343110127
P12	35	Tongue	So	0.051826898160145
P13	35	Tongue	So	0.04863813229572
P14	35	Tongue	So	0.059970014992504
P15	35	Tongue	So	0.056882821387941
P16	35	Tongue	So	0.041160732661041
P17	35	Tongue	So	0.056705415367168
P18	35	Tongue	So	0.053008216273522
P19	35	Tongue	So	0.055066079295154
P20	35	Tongue	So	0.049664762850757
P21	35	Tongue	So	0.06327111673521
P22	35	Tongue	So	0.052770448548813
P23	35	Tongue	So	0.044632894443205
P24	35	Tongue	So	0.056996295240809
P25	35	Tongue	So	0.046565774155995
P11	35	Saliva	So	0.057487783845933
P12	35	Saliva	So	0.055944055944056
P13	35	Saliva	So	0.050365147318056
P14	35	Saliva	So	0.062519537355424
P15	35	Saliva	So	0.061595318755775
P16	35	Saliva	So	0.051400668208687
P17	35	Saliva	So	0.058072009291522
P18	35	Saliva	So	0.061312078479461
P19	35	Saliva	So	0.051988562516247
P20	35	Saliva	So	0.056022408963586
P21	35	Saliva	So	0.062305295950156
P22	35	Saliva	So	0.060240963855422
P23	35	Saliva	So	0.055850321139347
P24	35	Saliva	So	0.050365147318056
P25	35	Saliva	So	0.047766897540005
P11	-7	Tongue	Universal	0.05911912503695
P12	-7	Tongue	Universal	0.046750818139318
P13	-7	Tongue	Universal	0.045977011494253
P14	-7	Tongue	Universal	0.049176297024834
P15	-7	Tongue	Universal	0.05499037668408
P16	-7	Tongue	Universal	0.040543279951348
P17	-7	Tongue	Universal	0.047904191616767
P18	-7	Tongue	Universal	0.048297512678097
P19	-7	Tongue	Universal	0.056818181818182
P20	-7	Tongue	Universal	0.054229934924078
P21	-7	Tongue	Universal	0.049578582052553
P22	-7	Tongue	Universal	0.059934072520228
P23	-7	Tongue	Universal	0.054333061668025
P24	-7	Tongue	Universal	0.050825921219822
P25	-7	Tongue	Universal	0.048426150121065
P11	-7	Saliva	Universal	0.054674685620558
P12	-7	Saliva	Universal	0.051853772361939
P13	-7	Saliva	Universal	0.052124055251499
P14	-7	Saliva	Universal	0.061050061050061
P15	-7	Saliva	Universal	0.058668231152831
P16	-7	Saliva	Universal	0.050800101600203
P17	-7	Saliva	Universal	0.055202870549269
P18	-7	Saliva	Universal	0.062952470884482
P19	-7	Saliva	Universal	0.047036688617121
P20	-7	Saliva	Universal	0.054674685620558
P21	-7	Saliva	Universal	0.048250904704463
P22	-7	Saliva	Universal	0.057126535275636
P23	-7	Saliva	Universal	0.052287581699346
P24	-7	Saliva	Universal	0.047904191616767
P25	-7	Saliva	Universal	0.047755491881566
P11	21	Tongue	Universal	0.051639555899819
P12	21	Tongue	Universal	0.051361068310221
P13	21	Tongue	Universal	0.056195560550717
P14	21	Tongue	Universal	0.050632911392405
P15	21	Tongue	Universal	0.066934404283802
P16	21	Tongue	Universal	0.04735969689794
P17	21	Tongue	Universal	0.054392167527876
P18	21	Tongue	Universal	0.046587467971116
P19	21	Tongue	Universal	0.048426150121065
P20	21	Tongue	Universal	0.040908161178155
P21	21	Tongue	Universal	0.056980056980057
P22	21	Tongue	Universal	0.060679611650486
P23	21	Tongue	Universal	0.048414427499395
P24	21	Tongue	Universal	0.060624431645953
P25	21	Tongue	Universal	0.055897149245389
P11	21	Saliva	Universal	0.05611672278339
P12	21	Saliva	Universal	0.055050922102945
P13	21	Saliva	Universal	0.056449336720294
P14	21	Saliva	Universal	0.058927519151444
P15	21	Saliva	Universal	0.058997050147493
P16	21	Saliva	Universal	0.051559680329982
P17	21	Saliva	Universal	0.040891433244735
P18	21	Saliva	Universal	0.056882821387941
P19	21	Saliva	Universal	0.052770448548813
P20	21	Saliva	Universal	0.054406964091404
P21	21	Saliva	Universal	0.055756899916365
P22	21	Saliva	Universal	0.056053811659193
P23	21	Saliva	Universal	0.051493305870237
P24	21	Saliva	Universal	0.052069773496485
P25	21	Saliva	Universal	0.048484848484849
P11	35	Tongue	Universal	0.051085568326948
P12	35	Tongue	Universal	0.042453831458289
P13	35	Tongue	Universal	0.046576618537494
P14	35	Tongue	Universal	0.0581226387678
P15	35	Tongue	Universal	0.053319114902693
P16	35	Tongue	Universal	0.04231013327692
P17	35	Tongue	Universal	0.056721497447533
P18	35	Tongue	Universal	0.051988562516247
P19	35	Tongue	Universal	0.05455537370431
P20	35	Tongue	Universal	0.052645433008687
P21	35	Tongue	Universal	0.056769798467216
P22	35	Tongue	Universal	0.051203277009729
P23	35	Tongue	Universal	0.04424778761062
P24	35	Tongue	Universal	0.057770075101098
P25	35	Tongue	Universal	0.047596382674917
P11	35	Saliva	Universal	0.055741360089186
P12	35	Saliva	Universal	0.04973887092763
P13	35	Saliva	Universal	0.057093919497574
P14	35	Saliva	Universal	0.060186578393018
P15	35	Saliva	Universal	0.056753688989784
P16	35	Saliva	Universal	0.048947626040137
P17	35	Saliva	Universal	0.054764512595838
P18	35	Saliva	Universal	0.057471264367816
P19	35	Saliva	Universal	0.049176297024834
P20	35	Saliva	Universal	0.052854122621565
P21	35	Saliva	Universal	0.061462814996927
P22	35	Saliva	Universal	0.057126535275636
P23	35	Saliva	Universal	0.053008216273522
P24	35	Saliva	Universal	0.048285852245292
P25	35	Saliva	Universal	0.047438330170778
P11	-7	SubG	Pg	0.028968713789108
P12	-7	SubG	Pg	0.030316810671517
P13	-7	SubG	Pg	0.028964518464881
P14	-7	SubG	Pg	0.03194377894905
P15	-7	SubG	Pg	0.035454706612303
P16	-7	SubG	Pg	0.027658691743881
P17	-7	SubG	Pg	0.027048958615093
P18	-7	SubG	Pg	0.033112582781457
P19	-7	SubG	Pg	0.031186652112896
P20	-7	SubG	Pg	0.034158838599488
P21	-7	SubG	Pg	0.032781511227668
P22	-7	SubG	Pg	0.034352456200618
P23	-7	SubG	Pg	0.034240712206814
P24	-7	SubG	Pg	0.030134096730451
P25	-7	SubG	Pg	0.032467532467533
P11	-7	SupG	Pg	0.029806259314456
P12	-7	SupG	Pg	0.031903014834902
P13	-7	SupG	Pg	0.030623181748584
P14	-7	SupG	Pg	0.027498968788671
P15	-7	SupG	Pg	0.033806626098715
P16	-7	SupG	Pg	0.026983270372369
P17	-7	SupG	Pg	0.028220685762664
P18	-7	SupG	Pg	0.031625553447185
P19	-7	SupG	Pg	0.030529690123645
P20	-7	SupG	Pg	0.034971148802238
P21	-7	SupG	Pg	0.033372267645587
P22	-7	SupG	Pg	0.032760032760033
P23	-7	SupG	Pg	0.036153289949385
P24	-7	SupG	Pg	0.030931023816888
P25	-7	SupG	Pg	0.034590107229333
P11	21	SubG	Pg	0.033944331296674
P12	21	SubG	Pg	0.035913090321422
P13	21	SubG	Pg	0.036656891495601
P14	21	SubG	Pg	0.0276128675963
P15	21	SubG	Pg	0.041502386387217
P16	21	SubG	Pg	0.034340659340659
P17	21	SubG	Pg	0.035063113604488
P18	21	SubG	Pg	0.03382949932341
P19	21	SubG	Pg	0.035069261792039
P20	21	SubG	Pg	0.034358357670503
P21	21	SubG	Pg	0.034002040122407
P22	21	SubG	Pg	0.036101083032491
P23	21	SubG	Pg	0.034258307639603
P24	21	SubG	Pg	0.052164840897235
P25	21	SubG	Pg	0.03382949932341
P11	21	SupG	Pg	0.032889327413254
P12	21	SupG	Pg	0.033489618218352
P13	21	SupG	Pg	0.037835792659856
P14	21	SupG	Pg	0.03037205770691
P15	21	SupG	Pg	0.040941658137155
P16	21	SupG	Pg	0.036088054853843
P17	21	SupG	Pg	0.03553028957186
P18	21	SupG	Pg	0.035523978685613
P19	21	SupG	Pg	0.034188034188034
P20	21	SupG	Pg	0.035913090321422
P21	21	SupG	Pg	0.037807183364839
P22	21	SupG	Pg	0.03715400334386
P23	21	SupG	Pg	0.035217467864061
P24	21	SupG	Pg	0.049751243781095
P25	21	SupG	Pg	0.036324010170723
P11	35	SubG	Pg	0.031545741324921
P12	35	SubG	Pg	0.029502876530462
P13	35	SubG	Pg	0.030381285128361
P14	35	SubG	Pg	0.026409613099168
P15	35	SubG	Pg	0.045177320984866
P16	35	SubG	Pg	0.033014196104325
P17	35	SubG	Pg	0.029368575624082
P18	35	SubG	Pg	0.031041440322831
P19	35	SubG	Pg	0.030165912518854
P20	35	SubG	Pg	0.036536353671904
P21	35	SubG	Pg	0.027685492801772
P22	35	SubG	Pg	0.033500837520938
P23	35	SubG	Pg	0.025
P24	35	SubG	Pg	0.033019646689781
P25	35	SubG	Pg	0.031377470975839
P11	35	SupG	Pg	0.029502876530462
P12	35	SupG	Pg	0.027536830510808
P13	35	SupG	Pg	0.029507229271172
P14	35	SupG	Pg	0.027005130974885
P15	35	SupG	Pg	0.040128410914928
P16	35	SupG	Pg	0.027434842249657
P17	35	SupG	Pg	0.026770178021684
P18	35	SupG	Pg	0.03209242618742
P19	35	SupG	Pg	0.027052617340728
P20	35	SupG	Pg	0.030807147258164
P21	35	SupG	Pg	0.031367628607277
P22	35	SupG	Pg	0.033789491468153
P23	35	SupG	Pg	0.028914269191846
P24	35	SupG	Pg	0.035771776068682
P25	35	SupG	Pg	0.031959092361777
P11	-7	SubG	Tf	0.025
P12	-7	SubG	Tf	0.040658670461476
P13	-7	SubG	Tf	0.025
P14	-7	SubG	Tf	0.025
P15	-7	SubG	Tf	0.026986911347996
P16	-7	SubG	Tf	0.025
P17	-7	SubG	Tf	0.025
P18	-7	SubG	Tf	0.035784576847379
P19	-7	SubG	Tf	0.038505968425106
P20	-7	SubG	Tf	0.025
P21	-7	SubG	Tf	0.03487358326068
P22	-7	SubG	Tf	0.036088054853843
P23	-7	SubG	Tf	0.025
P24	-7	SubG	Tf	0.025
P25	-7	SubG	Tf	0.048100048100048
P11	-7	SupG	Tf	0.026143790849673
P12	-7	SupG	Tf	0.032362459546926
P13	-7	SupG	Tf	0.025050100200401
P14	-7	SupG	Tf	0.025406504065041
P15	-7	SupG	Tf	0.034770514603616
P16	-7	SupG	Tf	0.025
P17	-7	SupG	Tf	0.025
P18	-7	SupG	Tf	0.033327778703549
P19	-7	SupG	Tf	0.026364355391511
P20	-7	SupG	Tf	0.025
P21	-7	SupG	Tf	0.028542885685743
P22	-7	SupG	Tf	0.026684456304203
P23	-7	SupG	Tf	0.025967281225656
P24	-7	SupG	Tf	0.02556890820762
P25	-7	SupG	Tf	0.033950093362757
P11	21	SubG	Tf	0.025
P12	21	SubG	Tf	0.028364770954475
P13	21	SubG	Tf	0.025131942699171
P14	21	SubG	Tf	0.025
P15	21	SubG	Tf	0.040849673202614
P16	21	SubG	Tf	0.025
P17	21	SubG	Tf	0.025
P18	21	SubG	Tf	0.030381285128361
P19	21	SubG	Tf	0.037016472330187
P20	21	SubG	Tf	0.025
P21	21	SubG	Tf	0.027449903925336
P22	21	SubG	Tf	0.038095238095238
P23	21	SubG	Tf	0.027199782401741
P24	21	SubG	Tf	0.038692203520991
P25	21	SubG	Tf	0.042247570764681
P11	21	SupG	Tf	0.025214321734745
P12	21	SupG	Tf	0.025
P13	21	SupG	Tf	0.026092628832355
P14	21	SupG	Tf	0.025700334104343
P15	21	SupG	Tf	0.032621105855489
P16	21	SupG	Tf	0.028308563340411
P17	21	SupG	Tf	0.025
P18	21	SupG	Tf	0.029141774734081
P19	21	SupG	Tf	0.028620492272467
P20	21	SupG	Tf	0.026205450733753
P21	21	SupG	Tf	0.031421838177533
P22	21	SupG	Tf	0.038008361839605
P23	21	SupG	Tf	0.02636783124588
P24	21	SupG	Tf	0.037678975131877
P25	21	SupG	Tf	0.033721126285618
P11	35	SubG	Tf	0.025
P12	35	SubG	Tf	0.031811674884683
P13	35	SubG	Tf	0.025
P14	35	SubG	Tf	0.025
P15	35	SubG	Tf	0.036075036075036
P16	35	SubG	Tf	0.025
P17	35	SubG	Tf	0.025
P18	35	SubG	Tf	0.035810205908684
P19	35	SubG	Tf	0.037785754770452
P20	35	SubG	Tf	0.025
P21	35	SubG	Tf	0.025
P22	35	SubG	Tf	0.034710170079833
P23	35	SubG	Tf	0.025
P24	35	SubG	Tf	0.030548342752406
P25	35	SubG	Tf	0.044543429844098
P11	35	SupG	Tf	0.027188689505166
P12	35	SupG	Tf	0.036496350364964
P13	35	SupG	Tf	0.025
P14	35	SupG	Tf	0.025
P15	35	SupG	Tf	0.029416090601559
P16	35	SupG	Tf	0.025
P17	35	SupG	Tf	0.025425883549453
P18	35	SupG	Tf	0.0390625
P19	35	SupG	Tf	0.030289262456459
P20	35	SupG	Tf	0.025
P21	35	SupG	Tf	0.025
P22	35	SupG	Tf	0.036094567767551
P23	35	SupG	Tf	0.025
P24	35	SupG	Tf	0.028960324355633
P25	35	SupG	Tf	0.040609137055838
P11	-7	SubG	Td	0.025
P12	-7	SubG	Td	0.031640563202025
P13	-7	SubG	Td	0.025
P14	-7	SubG	Td	0.025
P15	-7	SubG	Td	0.025
P16	-7	SubG	Td	0.025
P17	-7	SubG	Td	0.030111412225233
P18	-7	SubG	Td	0.037509377344336
P19	-7	SubG	Td	0.032035880185808
P20	-7	SubG	Td	0.032749304077288
P21	-7	SubG	Td	0.025
P22	-7	SubG	Td	0.034405642525374
P23	-7	SubG	Td	0.035650623885918
P24	-7	SubG	Td	0.025
P25	-7	SubG	Td	0.037821482602118
P11	-7	SupG	Td	0.025
P12	-7	SupG	Td	0.026150627615063
P13	-7	SupG	Td	0.025
P14	-7	SupG	Td	0.025
P15	-7	SupG	Td	0.02860821055643
P16	-7	SupG	Td	0.025
P17	-7	SupG	Td	0.027122321670735
P18	-7	SupG	Td	0.032873109796187
P19	-7	SupG	Td	0.025
P20	-7	SupG	Td	0.039745627980922
P21	-7	SupG	Td	0.025
P22	-7	SupG	Td	0.025
P23	-7	SupG	Td	0.034855350296271
P24	-7	SupG	Td	0.025
P25	-7	SupG	Td	0.029846291598269
P11	21	SubG	Td	0.025
P12	21	SubG	Td	0.027326137450471
P13	21	SubG	Td	0.025
P14	21	SubG	Td	0.025
P15	21	SubG	Td	0.033800912624641
P16	21	SubG	Td	0.025400050800102
P17	21	SubG	Td	0.035248501938668
P18	21	SubG	Td	0.033506449991623
P19	21	SubG	Td	0.035752592062925
P20	21	SubG	Td	0.03547357218872
P21	21	SubG	Td	0.025
P22	21	SubG	Td	0.035606195478013
P23	21	SubG	Td	0.031382394476699
P24	21	SubG	Td	0.034258307639603
P25	21	SubG	Td	0.039100684261975
P11	21	SupG	Td	0.025
P12	21	SupG	Td	0.025
P13	21	SupG	Td	0.025
P14	21	SupG	Td	0.025
P15	21	SupG	Td	0.028046557285093
P16	21	SupG	Td	0.034626038781164
P17	21	SupG	Td	0.032829940906106
P18	21	SupG	Td	0.032921810699589
P19	21	SupG	Td	0.030604437643458
P20	21	SupG	Td	0.039346842415896
P21	21	SupG	Td	0.025
P22	21	SupG	Td	0.033467202141901
P23	21	SupG	Td	0.028228652081863
P24	21	SupG	Td	0.035379444542721
P25	21	SupG	Td	0.033261267254282
P11	35	SubG	Td	0.025
P12	35	SubG	Td	0.030585716470408
P13	35	SubG	Td	0.025
P14	35	SubG	Td	0.025
P15	35	SubG	Td	0.029926679634895
P16	35	SubG	Td	0.025
P17	35	SubG	Td	0.029585798816568
P18	35	SubG	Td	0.03305785123967
P19	35	SubG	Td	0.032733224222586
P20	35	SubG	Td	0.035155563367903
P21	35	SubG	Td	0.025
P22	35	SubG	Td	0.030446034404019
P23	35	SubG	Td	0.025
P24	35	SubG	Td	0.026504108136761
P25	35	SubG	Td	0.037601052829479
P11	35	SupG	Td	0.025
P12	35	SupG	Td	0.028192839018889
P13	35	SupG	Td	0.025
P14	35	SupG	Td	0.025
P15	35	SupG	Td	0.025
P16	35	SupG	Td	0.025
P17	35	SupG	Td	0.025
P18	35	SupG	Td	0.037509377344336
P19	35	SupG	Td	0.026260504201681
P20	35	SupG	Td	0.02814126917124
P21	35	SupG	Td	0.025
P22	35	SupG	Td	0.034542314335061
P23	35	SupG	Td	0.025
P24	35	SupG	Td	0.026062027625749
P25	35	SupG	Td	0.036784991723377
P11	-7	SubG	Fa	0.025387154100025
P12	-7	SubG	Fa	0.040958427196396
P13	-7	SubG	Fa	0.029819591471597
P14	-7	SubG	Fa	0.027155465037339
P15	-7	SubG	Fa	0.032154340836013
P16	-7	SubG	Fa	0.026305405760884
P17	-7	SubG	Fa	0.042725913266396
P18	-7	SubG	Fa	0.046587467971116
P19	-7	SubG	Fa	0.042544139544778
P20	-7	SubG	Fa	0.041407867494824
P21	-7	SubG	Fa	0.035727045373348
P22	-7	SubG	Fa	0.040355125100888
P23	-7	SubG	Fa	0.031525851197982
P24	-7	SubG	Fa	0.026062027625749
P25	-7	SubG	Fa	0.047709923664122
P11	-7	SupG	Fa	0.025591810620601
P12	-7	SupG	Fa	0.032362459546926
P13	-7	SupG	Fa	0.02632618138739
P14	-7	SupG	Fa	0.025700334104343
P15	-7	SupG	Fa	0.040176777822419
P16	-7	SupG	Fa	0.026288117770768
P17	-7	SupG	Fa	0.033422459893048
P18	-7	SupG	Fa	0.044742729306488
P19	-7	SupG	Fa	0.030873726458784
P20	-7	SupG	Fa	0.054010261949771
P21	-7	SupG	Fa	0.028490028490029
P22	-7	SupG	Fa	0.031771247021446
P23	-7	SupG	Fa	0.035385704175513
P24	-7	SupG	Fa	0.029146021568056
P25	-7	SupG	Fa	0.034494653328734
P11	21	SubG	Fa	0.031362709738121
P12	21	SubG	Fa	0.036416605972323
P13	21	SubG	Fa	0.029546461811198
P14	21	SubG	Fa	0.025803122177784
P15	21	SubG	Fa	0.04445432318293
P16	21	SubG	Fa	0.031230480949407
P17	21	SubG	Fa	0.034602076124568
P18	21	SubG	Fa	0.035612535612536
P19	21	SubG	Fa	0.041981528127624
P20	21	SubG	Fa	0.042105263157895
P21	21	SubG	Fa	0.036075036075036
P22	21	SubG	Fa	0.049541738915036
P23	21	SubG	Fa	0.031786395422759
P24	21	SubG	Fa	0.045085662759243
P25	21	SubG	Fa	0.04601932811781
P11	21	SupG	Fa	0.031680658957706
P12	21	SupG	Fa	0.032851511169514
P13	21	SupG	Fa	0.027739251040222
P14	21	SupG	Fa	0.027882336539802
P15	21	SupG	Fa	0.036670333700037
P16	21	SupG	Fa	0.035977693829826
P17	21	SupG	Fa	0.037278657968313
P18	21	SupG	Fa	0.036636746656897
P19	21	SupG	Fa	0.032883919763236
P20	21	SupG	Fa	0.047348484848485
P21	21	SupG	Fa	0.035423308537017
P22	21	SupG	Fa	0.043956043956044
P23	21	SupG	Fa	0.033350008337502
P24	21	SupG	Fa	0.043224551545278
P25	21	SupG	Fa	0.043658589827549
P11	35	SubG	Fa	0.028421202216854
P12	35	SubG	Fa	0.03999200159968
P13	35	SubG	Fa	0.026950545748551
P14	35	SubG	Fa	0.027700831024931
P15	35	SubG	Fa	0.040048057669203
P16	35	SubG	Fa	0.033217073575818
P17	35	SubG	Fa	0.038102495713469
P18	35	SubG	Fa	0.043639537420903
P19	35	SubG	Fa	0.04040404040404
P20	35	SubG	Fa	0.045156920298036
P21	35	SubG	Fa	0.025
P22	35	SubG	Fa	0.043859649122807
P23	35	SubG	Fa	0.027070925825663
P24	35	SubG	Fa	0.027975940691006
P25	35	SubG	Fa	0.046871338176705
P11	35	SupG	Fa	0.02804262478968
P12	35	SupG	Fa	0.037807183364839
P13	35	SupG	Fa	0.02860821055643
P14	35	SupG	Fa	0.025361399949277
P15	35	SupG	Fa	0.036205648081101
P16	35	SupG	Fa	0.028093833403568
P17	35	SupG	Fa	0.030238887208951
P18	35	SupG	Fa	0.048911714355588
P19	35	SupG	Fa	0.033422459893048
P20	35	SupG	Fa	0.034861425832317
P21	35	SupG	Fa	0.029282576866764
P22	35	SupG	Fa	0.043196544276458
P23	35	SupG	Fa	0.027831895352074
P24	35	SupG	Fa	0.028764562059543
P25	35	SupG	Fa	0.045320643553139
P11	-7	SubG	Pe	0.025
P12	-7	SubG	Pe	0.042489908646696
P13	-7	SubG	Pe	0.034632034632035
P14	-7	SubG	Pe	0.032605151613955
P15	-7	SubG	Pe	0.031725888324873
P16	-7	SubG	Pe	0.025
P17	-7	SubG	Pe	0.041675349031048
P18	-7	SubG	Pe	0.049875311720698
P19	-7	SubG	Pe	0.03553028957186
P20	-7	SubG	Pe	0.038358266206368
P21	-7	SubG	Pe	0.035211267605634
P22	-7	SubG	Pe	0.046200046200046
P23	-7	SubG	Pe	0.051612903225807
P24	-7	SubG	Pe	0.025
P25	-7	SubG	Pe	0.055617352614016
P11	-7	SupG	Pe	0.025
P12	-7	SupG	Pe	0.03844675124952
P13	-7	SupG	Pe	0.026191723415401
P14	-7	SupG	Pe	0.025
P15	-7	SupG	Pe	0.03844675124952
P16	-7	SupG	Pe	0.025
P17	-7	SupG	Pe	0.033921302578019
P18	-7	SupG	Pe	0.047281323877069
P19	-7	SupG	Pe	0.028034763106252
P20	-7	SupG	Pe	0.050200803212851
P21	-7	SupG	Pe	0.02970002970003
P22	-7	SupG	Pe	0.031897926634769
P23	-7	SupG	Pe	0.051242633871381
P24	-7	SupG	Pe	0.025
P25	-7	SupG	Pe	0.043010752688172
P11	21	SubG	Pe	0.025
P12	21	SubG	Pe	0.031994880819069
P13	21	SubG	Pe	0.040477636106051
P14	21	SubG	Pe	0.028860028860029
P15	21	SubG	Pe	0.044883303411131
P16	21	SubG	Pe	0.027307482250137
P17	21	SubG	Pe	0.042854081851296
P18	21	SubG	Pe	0.047438330170778
P19	21	SubG	Pe	0.040758100672509
P20	21	SubG	Pe	0.044642857142857
P21	21	SubG	Pe	0.039510075069143
P22	21	SubG	Pe	0.058207217694994
P23	21	SubG	Pe	0.047938638542665
P24	21	SubG	Pe	0.046457607433217
P25	21	SubG	Pe	0.058944886531094
P11	21	SupG	Pe	0.025
P12	21	SupG	Pe	0.029926679634895
P13	21	SupG	Pe	0.027586206896552
P14	21	SupG	Pe	0.034746351633079
P15	21	SupG	Pe	0.035398230088496
P16	21	SupG	Pe	0.025
P17	21	SupG	Pe	0.04381161007667
P18	21	SupG	Pe	0.049578582052553
P19	21	SupG	Pe	0.036199095022625
P20	21	SupG	Pe	0.049788399302962
P21	21	SupG	Pe	0.03124511795032
P22	21	SupG	Pe	0.044355732978488
P23	21	SupG	Pe	0.039706174310105
P24	21	SupG	Pe	0.042202996412745
P25	21	SupG	Pe	0.053533190578159
P11	35	SubG	Pe	0.025
P12	35	SubG	Pe	0.02804262478968
P13	35	SubG	Pe	0.038372985418266
P14	35	SubG	Pe	0.028176951253874
P15	35	SubG	Pe	0.040265753976243
P16	35	SubG	Pe	0.025
P17	35	SubG	Pe	0.04023335345001
P18	35	SubG	Pe	0.046296296296296
P19	35	SubG	Pe	0.038684719535783
P20	35	SubG	Pe	0.046392948271863
P21	35	SubG	Pe	0.026709401709402
P22	35	SubG	Pe	0.041485169052064
P23	35	SubG	Pe	0.028843380444188
P24	35	SubG	Pe	0.029634019854793
P25	35	SubG	Pe	0.049776007964161
P11	35	SupG	Pe	0.025
P12	35	SupG	Pe	0.041562759767249
P13	35	SupG	Pe	0.026802465826856
P14	35	SupG	Pe	0.025
P15	35	SupG	Pe	0.034352456200618
P16	35	SupG	Pe	0.025
P17	35	SupG	Pe	0.031892840057407
P18	35	SupG	Pe	0.048088482808367
P19	35	SupG	Pe	0.032061558191728
P20	35	SupG	Pe	0.035460992907802
P21	35	SupG	Pe	0.025
P22	35	SupG	Pe	0.042453831458289
P23	35	SupG	Pe	0.036650174088327
P24	35	SupG	Pe	0.030459945172099
P25	35	SupG	Pe	0.047348484848485
P11	-7	SubG	Ff	0.026766595289079
P12	-7	SubG	Ff	0.043687199650502
P13	-7	SubG	Ff	0.028910089621278
P14	-7	SubG	Ff	0.030539013589861
P15	-7	SubG	Ff	0.035161744022504
P16	-7	SubG	Ff	0.031075201988813
P17	-7	SubG	Ff	0.033200531208499
P18	-7	SubG	Ff	0.044345898004435
P19	-7	SubG	Ff	0.042918454935622
P20	-7	SubG	Ff	0.041416442327604
P21	-7	SubG	Ff	0.02712600027126
P22	-7	SubG	Ff	0.041972717733473
P23	-7	SubG	Ff	0.039177277179236
P24	-7	SubG	Ff	0.029726516052319
P25	-7	SubG	Ff	0.052687038988409
P11	-7	SupG	Ff	0.027277686852155
P12	-7	SupG	Ff	0.041093075816725
P13	-7	SupG	Ff	0.027582402427252
P14	-7	SupG	Ff	0.026677337601707
P15	-7	SupG	Ff	0.037397157816006
P16	-7	SupG	Ff	0.027386005751061
P17	-7	SupG	Ff	0.029806259314456
P18	-7	SupG	Ff	0.038707180181924
P19	-7	SupG	Ff	0.0286615075953
P20	-7	SupG	Ff	0.049468216670789
P21	-7	SupG	Ff	0.026917900403769
P22	-7	SupG	Ff	0.030849915162733
P23	-7	SupG	Ff	0.035063113604488
P24	-7	SupG	Ff	0.028893383415198
P25	-7	SupG	Ff	0.043103448275862
P11	21	SubG	Ff	0.036798528058878
P12	21	SubG	Ff	0.040975209997951
P13	21	SubG	Ff	0.028801843317972
P14	21	SubG	Ff	0.026831231553528
P15	21	SubG	Ff	0.042381860563679
P16	21	SubG	Ff	0.0355871886121
P17	21	SubG	Ff	0.032149172158817
P18	21	SubG	Ff	0.036697247706422
P19	21	SubG	Ff	0.042301184433164
P20	21	SubG	Ff	0.044189129474149
P21	21	SubG	Ff	0.026219192448873
P22	21	SubG	Ff	0.046040515653775
P23	21	SubG	Ff	0.035913090321422
P24	21	SubG	Ff	0.049541738915036
P25	21	SubG	Ff	0.050200803212851
P11	21	SupG	Ff	0.029090909090909
P12	21	SupG	Ff	0.031746031746032
P13	21	SupG	Ff	0.029359953024075
P14	21	SupG	Ff	0.031215857655689
P15	21	SupG	Ff	0.035746201966041
P16	21	SupG	Ff	0.038880248833593
P17	21	SupG	Ff	0.031801558276356
P18	21	SupG	Ff	0.039541320680111
P19	21	SupG	Ff	0.039896269698783
P20	21	SupG	Ff	0.048555474629765
P21	21	SupG	Ff	0.027712345850076
P22	21	SupG	Ff	0.042992261392949
P23	21	SupG	Ff	0.032562683165093
P24	21	SupG	Ff	0.047732696897375
P25	21	SupG	Ff	0.051773233238416
P11	35	SubG	Ff	0.027397260273973
P12	35	SubG	Ff	0.027563395810364
P13	35	SubG	Ff	0.042607584149979
P14	35	SubG	Ff	0.027944669554283
P15	35	SubG	Ff	0.038812342324859
P16	35	SubG	Ff	0.02806623631771
P17	35	SubG	Ff	0.032711808963036
P18	35	SubG	Ff	0.042762454564892
P19	35	SubG	Ff	0.041727519298978
P20	35	SubG	Ff	0.042480883602379
P21	35	SubG	Ff	0.025960539979232
P22	35	SubG	Ff	0.039385584875935
P23	35	SubG	Ff	0.026239832065075
P24	35	SubG	Ff	0.037686074995289
P25	35	SubG	Ff	0.050012503125782
P11	35	SupG	Ff	0.026319252533228
P12	35	SupG	Ff	0.043572984749455
P13	35	SupG	Ff	0.026430553720101
P14	35	SupG	Ff	0.028839221341024
P15	35	SupG	Ff	0.032456994482311
P16	35	SupG	Ff	0.025
P17	35	SupG	Ff	0.026925148088315
P18	35	SupG	Ff	0.045506257110353
P19	35	SupG	Ff	0.033085194375517
P20	35	SupG	Ff	0.037516413430876
P21	35	SupG	Ff	0.02667377967458
P22	35	SupG	Ff	0.038759689922481
P23	35	SupG	Ff	0.026490066225166
P24	35	SupG	Ff	0.037735849056604
P25	35	SupG	Ff	0.047869794159885
P11	-7	SubG	Universal	0.042220814861727
P12	-7	SubG	Universal	0.048995590396864
P13	-7	SubG	Universal	0.050620096178183
P14	-7	SubG	Universal	0.047996160307176
P15	-7	SubG	Universal	0.050352467270896
P16	-7	SubG	Universal	0.044414834554741
P17	-7	SubG	Universal	0.048602673147023
P18	-7	SubG	Universal	0.054097917230187
P19	-7	SubG	Universal	0.04950495049505
P20	-7	SubG	Universal	0.054540496318517
P21	-7	SubG	Universal	0.057061340941512
P22	-7	SubG	Universal	0.054839594187003
P23	-7	SubG	Universal	0.053981106612686
P24	-7	SubG	Universal	0.046783625730994
P25	-7	SubG	Universal	0.05616399887672
P11	-7	SupG	Universal	0.047950131862863
P12	-7	SupG	Universal	0.053304904051173
P13	-7	SupG	Universal	0.049875311720698
P14	-7	SupG	Universal	0.043582479843103
P15	-7	SupG	Universal	0.050226017076846
P16	-7	SupG	Universal	0.048649963512527
P17	-7	SupG	Universal	0.041788549937317
P18	-7	SupG	Universal	0.052369730295889
P19	-7	SupG	Universal	0.046040515653775
P20	-7	SupG	Universal	0.057636887608069
P21	-7	SupG	Universal	0.058021467943139
P22	-7	SupG	Universal	0.053490238031559
P23	-7	SupG	Universal	0.059136605558841
P24	-7	SupG	Universal	0.048555474629765
P25	-7	SupG	Universal	0.053361792956243
P11	21	SubG	Universal	0.052714812862414
P12	21	SubG	Universal	0.05725737188663
P13	21	SubG	Universal	0.05552470849528
P14	21	SubG	Universal	0.047014574518101
P15	21	SubG	Universal	0.060441220912663
P16	21	SubG	Universal	0.057061340941512
P17	21	SubG	Universal	0.054749520941692
P18	21	SubG	Universal	0.053404539385848
P19	21	SubG	Universal	0.05270092226614
P20	21	SubG	Universal	0.055944055944056
P21	21	SubG	Universal	0.058309037900875
P22	21	SubG	Universal	0.05824111822947
P23	21	SubG	Universal	0.05603810591202
P24	21	SubG	Universal	0.060569351907935
P25	21	SubG	Universal	0.059364796675571
P11	21	SupG	Universal	0.051124744376278
P12	21	SupG	Universal	0.056417489421721
P13	21	SupG	Universal	0.060569351907935
P14	21	SupG	Universal	0.049529470034671
P15	21	SupG	Universal	0.061747452917567
P16	21	SupG	Universal	0.059612518628912
P17	21	SupG	Universal	0.055725828921705
P18	21	SupG	Universal	0.058979652020053
P19	21	SupG	Universal	0.052521008403361
P20	21	SupG	Universal	0.060496067755596
P21	21	SupG	Universal	0.063979526551504
P22	21	SupG	Universal	0.05775339301184
P23	21	SupG	Universal	0.054570259208731
P24	21	SupG	Universal	0.064977257959714
P25	21	SupG	Universal	0.063131313131313
P11	35	SubG	Universal	0.045924225028703
P12	35	SubG	Universal	0.048923679060665
P13	35	SubG	Universal	0.047904191616767
P14	35	SubG	Universal	0.042946102641185
P15	35	SubG	Universal	0.051374261494991
P16	35	SubG	Universal	0.051679586563308
P17	35	SubG	Universal	0.047203209818268
P18	35	SubG	Universal	0.050722799898554
P19	35	SubG	Universal	0.049962528103922
P20	35	SubG	Universal	0.056721497447533
P21	35	SubG	Universal	0.049664762850757
P22	35	SubG	Universal	0.052438384897745
P23	35	SubG	Universal	0.044702726866339
P24	35	SubG	Universal	0.051867219917013
P25	35	SubG	Universal	0.053163211057948
P11	35	SupG	Universal	0.051098620337251
P12	35	SupG	Universal	0.045766590389016
P13	35	SupG	Universal	0.046522447080717
P14	35	SupG	Universal	0.04680552305172
P15	35	SupG	Universal	0.052854122621565
P16	35	SupG	Universal	0.046959380136182
P17	35	SupG	Universal	0.04516711833785
P18	35	SupG	Universal	0.05436259853221
P19	35	SupG	Universal	0.043327556325823
P20	35	SupG	Universal	0.050505050505051
P21	35	SupG	Universal	0.055111600992009
P22	35	SupG	Universal	0.054884742041712
P23	35	SupG	Universal	0.04735969689794
P24	35	SupG	Universal	0.053262316910786
P25	35	SupG	Universal	0.053864799353622
P11	-7	SubG	So	0.043706293706294
P12	-7	SubG	So	0.051361068310221
P13	-7	SubG	So	0.052465897166842
P14	-7	SubG	So	0.050838840874428
P15	-7	SubG	So	0.054570259208731
P16	-7	SubG	So	0.049031625398382
P17	-7	SubG	So	0.047180938900684
P18	-7	SubG	So	0.056657223796034
P19	-7	SubG	So	0.048863913999511
P20	-7	SubG	So	0.053619302949062
P21	-7	SubG	So	0.054929964295523
P22	-7	SubG	So	0.05592841163311
P23	-7	SubG	So	0.054054054054054
P24	-7	SubG	So	0.05126890540887
P25	-7	SubG	So	0.055648302726767
P11	-7	SupG	So	0.047460844803038
P12	-7	SupG	So	0.05730659025788
P13	-7	SupG	So	0.047003525264395
P14	-7	SupG	So	0.043658589827549
P15	-7	SupG	So	0.052507219742715
P16	-7	SupG	So	0.056705415367168
P17	-7	SupG	So	0.04104247896573
P18	-7	SupG	So	0.052576235541535
P19	-7	SupG	So	0.044014084507042
P20	-7	SupG	So	0.056417489421721
P21	-7	SupG	So	0.056417489421721
P22	-7	SupG	So	0.053561863952866
P23	-7	SupG	So	0.056947608200456
P24	-7	SupG	So	0.049726504226753
P25	-7	SupG	So	0.056834327934072
P11	21	SubG	So	0.054229934924078
P12	21	SubG	So	0.061087354917532
P13	21	SubG	So	0.05722460658083
P14	21	SubG	So	0.04709206498705
P15	21	SubG	So	0.062092517851599
P16	21	SubG	So	0.058275058275058
P17	21	SubG	So	0.053893829156562
P18	21	SubG	So	0.056242969628796
P19	21	SubG	So	0.052232958997127
P20	21	SubG	So	0.056577086280057
P21	21	SubG	So	0.05989817310572
P22	21	SubG	So	0.062189054726368
P23	21	SubG	So	0.056211354693648
P24	21	SubG	So	0.060551014229488
P25	21	SubG	So	0.059790732436472
P11	21	SupG	So	0.052219321148825
P12	21	SupG	So	0.055834729201563
P13	21	SupG	So	0.056899004267425
P14	21	SupG	So	0.050415931434333
P15	21	SupG	So	0.060587700696759
P16	21	SupG	So	0.064578624475299
P17	21	SupG	So	0.05611672278339
P18	21	SupG	So	0.064871878040869
P19	21	SupG	So	0.052219321148825
P20	21	SupG	So	0.058326042578011
P21	21	SupG	So	0.061709348966368
P22	21	SupG	So	0.062073246430788
P23	21	SupG	So	0.055509297807383
P24	21	SupG	So	0.066137566137566
P25	21	SupG	So	0.064516129032258
P11	35	SubG	So	0.047058823529412
P12	35	SubG	So	0.049517207229512
P13	35	SubG	So	0.047892720306514
P14	35	SubG	So	0.041330853482124
P15	35	SubG	So	0.052219321148825
P16	35	SubG	So	0.054054054054054
P17	35	SubG	So	0.048661800486618
P18	35	SubG	So	0.050479555779909
P19	35	SubG	So	0.050556117290192
P20	35	SubG	So	0.055172413793104
P21	35	SubG	So	0.044843049327354
P22	35	SubG	So	0.052938062466914
P23	35	SubG	So	0.041972717733473
P24	35	SubG	So	0.054914881933004
P25	35	SubG	So	0.051948051948052
P11	35	SupG	So	0.052742616033755
P12	35	SupG	So	0.045361760036289
P13	35	SupG	So	0.047709923664122
P14	35	SupG	So	0.047766897540005
P15	35	SupG	So	0.059294396679514
P16	35	SupG	So	0.04885197850513
P17	35	SupG	So	0.046728971962617
P18	35	SupG	So	0.05497526113249
P19	35	SupG	So	0.043487714720592
P20	35	SupG	So	0.048567265662943
P21	35	SupG	So	0.055959709009513
P22	35	SupG	So	0.053922890266918
P23	35	SupG	So	0.041937513105473
P24	35	SupG	So	0.055096418732782
P25	35	SupG	So	0.052980132450331
